,0,1,2,3,4,5,6,7,8,9,10,11,12,13,14,15,16,17,18,19,20,21,22,23,24,25,26,27,28,29,30,31,32,33,34,35,36,37,38,39,40,41,42,43,44,45,46,47,48,49,50,51,52,53,54,55,56,57,58,59,60,61,62,63,64,65,66,67,68,69,70,71,72,73,74,75,76,77,78,79,80,81,82,83,84,85,86,87,88,89,90,91,92,93,94,95,96,97,98,99,100,101,102,103,104,105,106,107,108,109,110,111,112,113,114,115
AA_wt,-,GLN,VAL,GLN,LEU,VAL,GLU,SER,GLY,GLY,GLY,LEU,VAL,GLN,PRO,GLY,GLY,SER,LEU,ARG,LEU,SER,CYS,ALA,ALA,SER,GLY,PHE,THR,PHE,SER,ASN,TYR,TRP,MET,TYR,TRP,VAL,ARG,GLN,ALA,PRO,GLY,LYS,GLY,LEU,GLU,TRP,VAL,SER,GLU,ILE,ASN,THR,ASN,GLY,LEU,ILE,THR,LYS,TYR,PRO,ASP,SER,VAL,LYS,GLY,ARG,PHE,THR,ILE,SER,ARG,ASP,ASN,ALA,LYS,ASN,THR,LEU,TYR,LEU,GLN,MET,ASN,SER,LEU,LYS,PRO,GLU,ASP,THR,ALA,LEU,TYR,TYR,CYS,ALA,ARG,SER,PRO,SER,GLY,PHE,ASN,ARG,GLY,GLN,GLY,THR,GLN,VAL,THR,VAL,SER,SER
NUC_wt,-,CAG,GTT,CAG,CTG,GTG,GAA,TCC,GGT,GGT,GGG,TTA,GTT,CAG,CCA,GGT,GGA,TCA,CTT,CGC,CTG,TCG,TGT,GCT,GCC,AGT,GGC,TTC,ACG,TTC,AGC,AAC,TAC,TGG,ATG,TAC,TGG,GTA,CGT,CAA,GCC,CCT,GGA,AAA,GGC,TTG,GAA,TGG,GTG,AGC,GAG,ATC,AAC,ACC,AAT,GGG,CTC,ATT,ACC,AAA,TAT,CCG,GAT,AGC,GTC,AAA,GGC,CGG,TTT,ACG,ATT,AGC,CGC,GAC,AAT,GCG,AAG,AAC,ACC,CTG,TAT,CTG,CAG,ATG,AAT,TCC,CTG,AAA,CCG,GAA,GAT,ACA,GCG,CTG,TAC,TAT,TGC,GCA,CGT,TCT,CCG,TCT,GGC,TTT,AAC,CGC,GGT,CAA,GGC,ACT,CAG,GTC,ACC,GTG,AGT,TCG
PROTEIN_index,-,1,2,3,4,5,6,7,8,9,10,11,12,13,14,15,16,17,18,19,20,21,22,23,24,25,26,27,28,29,30,31,32,33,34,35,36,37,38,39,40,41,42,43,44,45,46,47,48,49,50,51,52,53,54,55,56,57,58,59,60,61,62,63,64,65,66,67,68,69,70,71,72,73,74,75,76,77,78,79,80,81,82,83,84,85,86,87,88,89,90,91,92,93,94,95,96,97,98,99,100,101,102,103,104,105,106,107,108,109,110,111,112,113,114,115
GCT,ALA,,,,,,,,,,,,,,,,,,,,,,,,,,,,,,,,,,,,,,,,,,,,,,,,,,,,,,,,,,,,,,,,,,,,,,,,,,,,,,,,,,,,,,,,,,,,,,,,,,,,,,,,,,,,,,,,,,,
GCA,ALA,,,,,,,,,,,,,,,,,,,,,,,,,,GCA,,GCA,,,,,,,,,,,,,,,,GCA,,,,,,GCA,,,GCA,,GCA,,,GCA,,,GCA,,,,,,,,,,,,GCA,,,,,,,,,,,,,,,,,,,,,,,,,GCA,,GCA,,GCA,,,,,,,,,,GCA,,,
GCC,ALA,GCC,GCC,,,,,,,,,,,,,,,,,,,,,,,,,GCC,GCC,GCC,GCC,GCC,GCC,GCC,,GCC,,GCC,,GCC,,,,,,GCC,,GCC,,,GCC,,GCC,,GCC,GCC,GCC,GCC,,GCC,,GCC,GCC,GCC,,GCC,,,,,,GCC,GCC,,GCC,,GCC,GCC,,,,,,,,,,,,,,,,GCC,,GCC,,,GCC,GCC,GCC,GCC,,GCC,GCC,GCC,GCC,GCC,,,GCC,,,,GCC,
GCG,ALA,GCG,GCG,,,,,,,,,,,,,,,,,,,,,,,,GCG,GCG,,GCG,GCG,GCG,GCG,GCG,,GCG,,GCG,,GCG,,,,,GCG,GCG,,GCG,,,,,GCG,GCG,GCG,,GCG,GCG,GCG,GCG,,,GCG,GCG,,GCG,,,,,,GCG,GCG,GCG,GCG,,GCG,GCG,,,,,,,,,,,,,,,,GCG,,GCG,,,,GCG,,GCG,GCG,GCG,GCG,GCG,GCG,GCG,,,GCG,,GCG,,GCG,
TGC,CYS,,,,,,,,,,,,,,,,,,,,,,,,,,,,,,,,,,,,,,,,,,,,,,,,,,,,,,,,,,,,,,,,,,,,,,,,,,,,,,,,,,,,,,,,,,,,,,,,,,,,,,,,,,,,,,,,,,,
TGT,CYS,,,,,,,,,,,,,,,,,,,,,,,,,,,,,,,,,,,,,,,,,,,,,,,,,,,,,,,,,,,,,,,,,,,,,,,,,,,,,,,,,,,,,,,,,,,,,,,,,,,,,,,,,,,,,,,,,,,
GAT,ASP,GAT,,,,,,,,,,,,,,,,,,,,,,,,,GAT,GAT,GAT,GAT,GAT,GAT,GAT,GAT,,GAT,,GAT,,GAT,,,,,GAT,GAT,,GAT,,,GAT,,GAT,GAT,GAT,GAT,GAT,GAT,GAT,GAT,,GAT,,GAT,,GAT,,,,,,GAT,GAT,GAT,GAT,GAT,GAT,GAT,,,,,,,,,,,,,,,,GAT,,,,GAT,GAT,GAT,GAT,GAT,GAT,GAT,GAT,GAT,,GAT,,,GAT,,GAT,,GAT,
GAC,ASP,,GAC,,,,,,,,,,,,,,,,,,,,,,,,,,,,,GAC,,GAC,,,,,,,,,,,,,,,,,GAC,,GAC,,GAC,GAC,,,,GAC,,,GAC,,,,,,,,,,GAC,,GAC,GAC,GAC,GAC,,,,,,,,,,,,,,,,,,GAC,,GAC,GAC,,,,,,GAC,GAC,GAC,,,,,,,,,
GAG,GLU,,GAG,,,,,,,,,,,,,,,,,,,,,,,,GAG,,GAG,GAG,GAG,GAG,GAG,GAG,,GAG,,GAG,,GAG,,,,,GAG,GAG,,,,,,,,GAG,GAG,,GAG,,GAG,GAG,,GAG,GAG,GAG,,GAG,,,,,,GAG,GAG,GAG,GAG,,,,,,,,,,,,,,,,,,,GAG,,GAG,,GAG,GAG,GAG,GAG,GAG,GAG,GAG,GAG,GAG,GAG,GAG,,,,,GAG,,GAG,
GAA,GLU,GAA,GAA,,,,,,,,,,,,,,,,,,,,,,,,GAA,GAA,GAA,GAA,GAA,GAA,GAA,GAA,,GAA,,,,,,,,,GAA,GAA,,GAA,,,GAA,,GAA,GAA,GAA,GAA,GAA,GAA,GAA,,,GAA,GAA,GAA,,,,,,,,GAA,,GAA,GAA,GAA,GAA,GAA,,,,,,,,,,,,,,,,GAA,,GAA,,,GAA,GAA,GAA,GAA,GAA,GAA,GAA,GAA,GAA,,,,GAA,,GAA,,GAA,
TTC,PHE,TTC,TTC,,,,,,,,,,,,,,,,,,,,,,,,TTC,,TTC,,TTC,TTC,TTC,TTC,,TTC,,TTC,,TTC,,,,,TTC,TTC,,TTC,,,TTC,,TTC,TTC,TTC,TTC,TTC,,TTC,TTC,,TTC,TTC,TTC,,,,,,,,TTC,TTC,TTC,TTC,TTC,TTC,TTC,,,,,,,,,,,,,,,,TTC,,TTC,,TTC,TTC,TTC,TTC,TTC,TTC,TTC,TTC,TTC,TTC,TTC,,,TTC,,,,TTC,
TTT,PHE,TTT,TTT,,,,,,,,,,,,,,,,,,,,,,,,TTT,TTT,TTT,TTT,TTT,TTT,TTT,TTT,,TTT,,TTT,,TTT,,,,,TTT,TTT,,TTT,,,TTT,,TTT,TTT,TTT,TTT,TTT,TTT,TTT,TTT,,TTT,TTT,TTT,,TTT,,,,,,TTT,TTT,TTT,TTT,TTT,TTT,TTT,,,,,,,,,,,,,,,,TTT,,TTT,,TTT,TTT,TTT,TTT,TTT,TTT,,TTT,TTT,TTT,TTT,,,TTT,,TTT,,TTT,
GGT,GLY,GGT,,,,,,,,,,,,,,,,,,,,,,,,,GGT,GGT,GGT,GGT,GGT,GGT,GGT,GGT,,GGT,,GGT,,GGT,,,,,GGT,GGT,,GGT,,,GGT,,,GGT,GGT,,GGT,,GGT,GGT,,GGT,,GGT,,GGT,,,,,,GGT,GGT,GGT,GGT,GGT,GGT,,,,,,,,,,,,,,,,,GGT,,GGT,,GGT,GGT,GGT,GGT,GGT,GGT,GGT,GGT,GGT,,GGT,,,GGT,,GGT,,,
GGA,GLY,,,,,,,,,,,,,,,,,,,,,,,,,,,,,,,,,,,,,,,,,,,,,,,,,,,,,,,,,,,,,,,,,,,,,,,,,,,,,,,,,,,,,,,,,,,,,,,,,,,,,,,,,,,,,,,,,,,
GGC,GLY,GGC,GGC,,,,,,,,,,,,,,,,,,,,,,,,,GGC,GGC,GGC,,GGC,GGC,GGC,,GGC,,GGC,,GGC,,,,,,GGC,,GGC,,,GGC,,GGC,GGC,GGC,GGC,GGC,GGC,GGC,GGC,,GGC,GGC,,,GGC,,,,,,,,,GGC,GGC,GGC,GGC,,,,,,,,,,,,,,,,GGC,,GGC,,GGC,GGC,GGC,GGC,GGC,,GGC,GGC,,GGC,GGC,,,GGC,,GGC,,GGC,
GGG,GLY,,GGG,,,,,,,,,,,,,,,,,,,,,,,,,,,,GGG,,,,,,,,,,,,,,,,,,,,,,GGG,,,,,GGG,,,,,GGG,GGG,,,,,,,,GGG,GGG,GGG,,,,GGG,,,,,,,,,,,,,,,,,,,,,,,,,,,,GGG,,,,,,,,,GGG,
CAC,HIS,,,,,,,,,,,,,,,,,,,,,,,,,,,,,,,,,,,,,,,,,,,,,,,,,,,,,,,,,,,,,,,,,,,,,,,,,,,,,,,,,,,,,,,,,,,,,,,,,,,,,,,,,,,,,,,,,,,
CAT,HIS,,,,,,,,,,,,,,,,,,,,,,,,,,,,,,,,,,,,,,,,,,,,,,,,,,,,,,,,,,,,,,,,,,,,,,,,,,,,,,,,,,,,,,,,,,,,,,,,,,,,,,,,,,,,,,,,,,,
ATC,ILE,,ATC,,,,,,,,,,,,,,,,,,,,,,,,,,,,,,,,,,,,,,,,,,,,,,,,,,,,,,,ATC,,,,,,,,,,,,,,,,,,,,,,,,,,,,,,,,,,,,,,,,,,,,,,ATC,,,,,,,,,,,,
ATT,ILE,ATT,,,,,,,,,,,,,,,,,,,,,,,,,,ATT,,ATT,,,,ATT,,,,,,,,,,,,ATT,,ATT,,,,,,,,,,,,,,ATT,,,,,,,,,,,,,,,,,,,,,,,,,,,,,,,,ATT,,,,,,,ATT,,ATT,,,,,,,,ATT,,,,,
ATA,ILE,,,,,,,,,,,,,,,,,,,,,,,,,,,,,,,,,,,,,,,,,,,,,,,,,,,,,,,,,,,,,,,,,,,,,,,,,,,,,,,,,,,,,,,,,,,,,,,,,,,,,,,,,,,,,,,,,,,
AAG,LYS,AAG,AAG,,,,,,,,,,,,,,,,,,,,,,,,AAG,AAG,AAG,,AAG,AAG,AAG,AAG,,AAG,,AAG,,AAG,,,,,AAG,AAG,,AAG,,,AAG,,AAG,AAG,AAG,AAG,AAG,AAG,AAG,AAG,,AAG,,AAG,,AAG,,,,,,AAG,AAG,AAG,AAG,AAG,,,,,,,,,,,,,,,,,,AAG,,AAG,,AAG,AAG,AAG,AAG,AAG,AAG,AAG,AAG,AAG,AAG,AAG,,,AAG,,AAG,,AAG,
AAA,LYS,,,,,,,,,,,,,,,,,,,,,,,,,,AAA,,,,AAA,,,,,,,,,,,,,,AAA,,,,,,,,,,,AAA,AAA,,,,,,,AAA,,,,,,,,AAA,AAA,,,,,,,,,,,,,,,,,,,,,,,,,,AAA,,,,AAA,,,AAA,AAA,,,,,,,,AAA,
CTG,LEU,,,,,,,,,,,,,,,,,,,,,,,,,,CTG,CTG,CTG,CTG,CTG,CTG,CTG,CTG,,CTG,,CTG,,CTG,,,,,CTG,,,CTG,,,CTG,,CTG,CTG,CTG,CTG,,,CTG,CTG,,,CTG,CTG,,CTG,,,,,,CTG,CTG,CTG,CTG,CTG,CTG,CTG,,,,,,,,,,,,,,,,,,CTG,,CTG,CTG,CTG,,CTG,,CTG,CTG,CTG,CTG,CTG,,,,,CTG,,CTG,
CTC,LEU,,,,,,,,,,,,,,,,,,,,,,,,,,,,,,,,,,,,,,,,,,,,,,,,,,,,,,,,,,,,,,,,,,,,,,,,,,,,,,,,,,,,,,,,,,,,,,,,,,,,,,,,,,,,,,,,,,,
CTT,LEU,,,,,,,,,,,,,,,,,,,,,,,,,,,,,,,,,,,,,,,,,,,,,,,,,,,,,,,,,,,,,,,,,,,,,,,,,,,,,,,,,,,,,,,,,,,,,,,,,,,,,,,,,,,,,,,,,,,
TTG,LEU,TTG,TTG,,,,,,,,,,,,,,,,,,,,,,,,TTG,,TTG,,TTG,TTG,TTG,,,TTG,,TTG,,TTG,,,,,TTG,,,,,,TTG,,TTG,TTG,TTG,TTG,TTG,,TTG,TTG,,TTG,TTG,TTG,,TTG,,,,,,TTG,TTG,TTG,TTG,TTG,TTG,TTG,,,,,,,,,,,,,,,,,,TTG,,TTG,TTG,TTG,TTG,TTG,TTG,,TTG,TTG,TTG,TTG,,,TTG,,TTG,,TTG,
TTA,LEU,,,,,,,,,,,,,,,,,,,,,,,,,,,,,,,,,,,,,,,,,,,,,,,,,,,,,,,,,,,,,,,,,,,,,,,,,,,,,,,,,,,,,,,,,,,,,,,,,,,,,,,,,,,,,,,,,,,
CTA,LEU,,,,,,,,,,,,,,,,,,,,,,,,,,,,,,,,,,,,,,,,,,,,,,,,,,,,,,,,,,,,,,,,,,,,,,,,,,,,,,,,,,,,,,,,,,,,,,,,,,,,,,,,,,,,,,,,,,,
ATG,MET,ATG,,,,,,,,,,,,,,,,,,,,,,,,,,ATG,,ATG,,,,,,,,,,ATG,,,,,,ATG,,,,,,,ATG,,,ATG,ATG,,,,,,ATG,,,ATG,,,,,,,,,,ATG,,ATG,,,,,,,,,,,,,,,,ATG,,,,ATG,,,,,ATG,ATG,,,,ATG,,,ATG,,ATG,,,
AAC,ASN,AAC,AAC,,,,,,,,,,,,,,,,,,,,,,,,AAC,AAC,AAC,AAC,,,,AAC,,,,AAC,,AAC,,,,,AAC,AAC,,AAC,,,,,,,,AAC,AAC,AAC,,AAC,,AAC,AAC,,,AAC,,,,,,,AAC,,,AAC,AAC,,,,,,,,,,,,,,,,,AAC,,AAC,,AAC,AAC,AAC,AAC,AAC,AAC,AAC,,AAC,AAC,AAC,,,AAC,,,,AAC,
AAT,ASN,AAT,AAT,,,,,,,,,,,,,,,,,,,,,,,,AAT,AAT,AAT,AAT,AAT,,AAT,AAT,,AAT,,AAT,,AAT,,,,,AAT,AAT,,AAT,,,,,,AAT,,AAT,AAT,,AAT,,,AAT,,AAT,,,,,,,,AAT,AAT,AAT,,AAT,,,,,,,,,,,,,,,,,,AAT,,,,AAT,AAT,AAT,AAT,AAT,AAT,AAT,,AAT,AAT,AAT,,,AAT,,AAT,,,
CCT,PRO,,,,,,,,,,,,,,,,,,,,,,,,,,,,,,,,,,,,,,,,,,,,,,,,,,,,,,,,,,,,,,,,,,,,,,,,,,,,,,,,,,,,,,,,,,,,,,,,,,,,,,,,,,,,,,,,,,,
CCA,PRO,,,,,,,,,,,,,,,,,,,,,,,,,,,,,,,,,,,,,,,,,,,,,,,,,,,,,,,,,,,,,CCA,,,,,,,,,,,,,,,,,,,,,,,,,,,,,,,,,,,,,,,CCA,,,,,,,,,,,,,,,
CCG,PRO,,,,,,,,,,,,,,,,,,,,,,,,,,,,,,,,,,,,,,,,,,,,,,,,,,,,,,,,,,,,,,,,,,,,,,,,,,,,,,,,,,,,,,,,,,,,,,,,,,,,,,,,,,,,,,,,,,,
CCC,PRO,,,,,,,,,,,,,,,,,,,,,,,,,,,,,,,,,,,,,,,,,,,,,,,,,,,,,,,,,,,,,,,,,,,,,,,,,,,,,,,,,,,,,,,,,,,,,,,,,,,,,,,,,,,,,,,,,,,
CAG,GLN,,CAG,,,,,,,,,,,,,,,,,,,,,,,,CAG,CAG,CAG,CAG,CAG,CAG,CAG,CAG,,CAG,,CAG,,CAG,,,,,CAG,CAG,,CAG,,,CAG,,CAG,CAG,CAG,CAG,CAG,CAG,CAG,CAG,,,CAG,CAG,,CAG,,,,,,CAG,CAG,CAG,CAG,CAG,,CAG,,,,,,,,,,,,,,,,,,CAG,,CAG,,CAG,,CAG,,CAG,CAG,CAG,CAG,CAG,,,,,CAG,,CAG,
CAA,GLN,CAA,,,,,,,,,,,,,,,,,,,,,,,,,CAA,,,,,,,,,,,,,,,,,,CAA,,,CAA,,,CAA,,,,,CAA,,,,,,CAA,,,,,,,,,,,,,,,CAA,,,,,,,,,,,,,,,,,CAA,,,,,,,CAA,,,,,,CAA,,,,CAA,,,,,
AGA,ARG,,,,,,,,,,,,,,,,,,,,,,,,,,,,,,,,,,,,,,,,,,,,,,,,,,,,,,,,,,,,,,,,,,,,,,,,,,,,,,,,,,,,,,,,,,,,,,,,,,,,,,,,,,,,,,,,,,,
CGT,ARG,CGT,CGT,,,,,,,,,,,,,,,,,,,,,,,,CGT,CGT,CGT,CGT,CGT,CGT,CGT,CGT,,CGT,,CGT,,CGT,,,,,CGT,CGT,,CGT,,,CGT,,CGT,CGT,CGT,,CGT,CGT,CGT,CGT,,CGT,CGT,CGT,,CGT,,,,,,CGT,,CGT,CGT,CGT,CGT,CGT,,,,,,,,,,,,,,,,CGT,,CGT,,CGT,,CGT,CGT,CGT,,CGT,CGT,,,CGT,,,CGT,,CGT,,,
AGG,ARG,,,,,,,,,,,,,,,,,,,,,,,,,,,,,,,,,,,,,,,,,,,,,,,,,,,,,,,,,,,,,,,,,,,,,,,,,,,,,,,,,,,,,,,,,,,,,,,,,,,,,,,,,,,,,,,,,,,
CGA,ARG,,,,,,,,,,,,,,,,,,,,,,,,,,,,,,,,,,,,,,,,,,,,,,,,,,,,,,,,,,,,,,,,,,,,,,,,,,,,,,,,,,,,,,,,,,,,,,,,,,,,,,,,,,,,,,,,,,,
CGC,ARG,CGC,CGC,,,,,,,,,,,,,,,,,,,,,,,,,CGC,CGC,CGC,,CGC,CGC,CGC,,CGC,,CGC,,CGC,,,,,,CGC,,CGC,,,CGC,,CGC,CGC,CGC,CGC,,CGC,CGC,CGC,,CGC,CGC,,,CGC,,,,,,,,CGC,CGC,CGC,CGC,CGC,,,,,,,,,,,,,,,,CGC,,CGC,,CGC,,CGC,CGC,CGC,,CGC,CGC,,CGC,CGC,,,CGC,,CGC,,CGC,
CGG,ARG,,,,,,,,,,,,,,,,,,,,,,,,,,,,,,,,,,,,,,,,,,,,,,,,,,,,,,,,,,,,,,,,,,,,,,,,,,,,,,,,,,,,,,,,,,,,,,,,,,,,,,,,,,,,,,,,,,,
AGC,SER,,AGC,,,,,,,,,,,,,,,,,,,,,,,,,AGC,AGC,AGC,,,AGC,AGC,,AGC,,AGC,,AGC,,,,,,AGC,,AGC,,,AGC,,,,AGC,AGC,AGC,AGC,,AGC,,AGC,AGC,,,AGC,,,,,,,,AGC,AGC,AGC,AGC,,,,,,,,,,,,,,,,,AGC,,AGC,,AGC,AGC,AGC,AGC,AGC,,AGC,,,AGC,AGC,,,AGC,,AGC,,,
TCT,SER,,,,,,,,,,,,,,,,,,,,,,,,,,,,,,,,,,,,,,,,,,,,,,,,,,,,,,,,,,,,,,,,,,,,,,,,,,,,,TCT,,,,,,,,,,,,,,,,,,,,,,,,,,,,,,,,,,,,,,
TCC,SER,TCC,,,,,,,,,,,,,,,,,,,,,,,,,TCC,,TCC,,,TCC,,TCC,,,,,,,,,,,TCC,TCC,,TCC,,,,,TCC,,,,,,,,,TCC,,,,,,,,,,,TCC,,,TCC,,TCC,,,,,,,,,,,,,,,,,,,,,TCC,,TCC,,,,TCC,TCC,,,,,,,,,,
AGT,SER,,,,,,,,,,,,,,,,,,,,,,,,,,,,,,,,,,,,,,,,,,,,,,,,,,AGT,,,AGT,,,,,AGT,,,,,,,AGT,,,,,,,,,,,,,,,,,,,,,,,,,,,,,,,,,,,,,AGT,,,,,,,,,,AGT,,,
TCA,SER,,,,,,,,,,,,,,,,,,,,,,,,,,,,,,,,,,,,,,,,,,,,,,,,,,,,,,,,,,,,,,,,,,,,,,,,,,,,,,,,,,,,,,,,,,,,,,,,,,,,,,,,,,,,,,,,,,,
TCG,SER,TCG,TCG,,,,,,,,,,,,,,,,,,,,,,,,TCG,TCG,,TCG,TCG,TCG,TCG,,,TCG,,TCG,,TCG,,,,,TCG,,,,,,,,TCG,TCG,TCG,TCG,TCG,TCG,TCG,TCG,,,TCG,TCG,,,,,,,,TCG,TCG,TCG,TCG,,TCG,,,,,,,,,,,,,,,,,TCG,,TCG,,TCG,,,,,,TCG,TCG,TCG,TCG,TCG,,,TCG,,,,TCG,
ACC,THR,,,,,,,,,,,,,,,,,,,,,,,,,,,,ACC,,,,,,,,,,,,,,,,,,,,,,,,,,,,,,,,,,,,,,,,,,,,,,,,,,,,,,,,,,,,,,,,,,,,,,,ACC,,ACC,ACC,,,,,,,,,,,,ACC,
ACA,THR,,,,,,,,,,,,,,,,,,,,,,,,,,,,,,,,,,,,,,,,,,,,,,,,,,,,,,,,,,,,,,,,,,,,,,,,,,,,,,,,,,,,,,,,,,,,,,,,,,,,,,,,,,,,,,,,,,,
ACT,THR,,,,,,,,,,,,,,,,,,,,,,,,,,,,,,ACT,,,,,,,,,,,,,,,,,,,,,,,,,,,,,,,,,ACT,,,,,,,,ACT,,,,,,,,,,,,,,,,,,,,,,,,,,,,,,,,,,,,,,,,,,,,
ACG,THR,,,,,,,,,,,,,,,,,,,,,,,,,,,,,,ACG,,,,,,,,,,,,,,,,,,,,,,,ACG,,,,,ACG,,,,,ACG,,,,,,,,ACG,,,,,,,,,,,,,,,,,,,,,,,,,,,,ACG,,ACG,,,,,,,,,,,ACG,,ACG,
GTG,VAL,,GTG,,,,,,,,,,,,,,,,,,,,,,,,,GTG,,GTG,,GTG,,,,,,GTG,,,,,,,,,,,,,,,GTG,,,,,GTG,,GTG,,,GTG,,,GTG,,,,,,,GTG,GTG,GTG,,GTG,GTG,,,,,,,,,,,,,,,,,,,,GTG,,,,,GTG,GTG,GTG,GTG,,,,,,,,,,
GTT,VAL,,,,,,,,,,,,,,,,,,,,,,,,,,,,,,,,,,,,,,,,,,,,,GTT,,,,,GTT,,,,,,,,,,,,,,,,,,,,,,,,,GTT,GTT,,,,,,,,,,,,,,,,,,,,,,,,,,GTT,,,,,,,,,,,,,
GTC,VAL,,,,,,,,,,,,,,,,,,,,,,,,,,,,,,,,,,,,,,,,,,,,,,,,,,,,,,,,,GTC,,,,,,,,,,,,,,,,,,,,,,,,,,,,,,,,,,,,,,,,,,,,,,,,,,,,,,,,,,
GTA,VAL,,,,,,,,,,,,,,,,,,,,,,,,,,,,,,,,,,,,,,,,,,,,,,,,,,,,,,,,,,,,,,,,,,,,,,,,,,,,,,,,,,,,,,,,,,,,,,,,,,,,,,,,,,,,,,,,,,,
TGG,TRP,TGG,,,,,,,,,,,,,,,,,,,,,,,,,TGG,TGG,,TGG,TGG,TGG,TGG,,,TGG,,TGG,,TGG,,,,,TGG,,,TGG,,,TGG,,TGG,TGG,,,TGG,TGG,TGG,TGG,,,TGG,TGG,,TGG,,,,,,TGG,TGG,TGG,TGG,TGG,TGG,TGG,,,,,,,,,,,,,,,,TGG,,TGG,,TGG,,,,,TGG,,TGG,,TGG,TGG,,,TGG,,TGG,,TGG,
TAC,TYR,,,,,,,,,,,,,,,,,,,,,,,,,,,,,,,,,,,,,,,,,,,,,,,,,,,,,,,,,,,,,,,,,,,,,,,,,,,,,,,,,,,,,,,,,,,,,,,TAC,,,,,,,,,,,,,,,,,,,,
TAT,TYR,,,,,,,,,,,,,,,,,,,,,,,,,,,,,,,,TAT,,,TAT,,,,,,,,,,,,,,,,,,,,,,,,,,,,,,,,,,,,,,,,,,,,,,,,,,,,,,,,,,,,,,,,,,,,,,,,,,,,,,,,
TGA,TER,,,,,,,,,,,,,,,,,,,,,,,,,,,,,,,,,,,,,,,,,,,,,,,,,,,,,,TGA,,,,,,,,,,,,,,,,,,,,,,,,,,,,,,,,,,,,,,,,,,,,TGA,,,,,,,,,,,,,,,,,
TAA,TER,,,,,,,,,,,,,,,,,,,,,,,,,,,,,,,,,,,,,,,,,,,,,,,,,,,,,,TAA,,,,,,,,,,,,,,,,,,,,,,,,,,,,,,,,,,,,,,,,,,,,TAA,,,,,,,,,,,,,,,,,
TAG,TER,,,,,,,,,,,,,,,,,,,,,,,,,,,,,,,,,,,,,,,,,,,,,,,,,,,,,,,,,,,,,,,,,,,,,,,,,,,,,,,,,,,,,,,,,,,,,,,,,,,,,,,,,,,,,,,,,,,
